FECHA,TOTAL SAT
2020-01-01,568.4
2020-01-01,226.2
2020-01-01,0.0
2020-01-01,0.0
2020-01-01,0.0
2020-01-01,0.0
2020-01-01,5071.2
2020-01-01,185.0
2020-01-01,556.8
2020-01-01,2900.0
2020-01-01,102.59
2020-01-01,6199.92
2020-01-01,5976.52
2020-01-01,1771.95
2020-01-01,538.0
2020-01-01,660.4
2020-01-01,798.99
2020-01-01,899.0
2020-01-01,798.99
2020-01-01,798.99
2020-01-01,2871.0
2020-01-01,296.96
2020-01-01,327.12
2020-01-01,580.0
2020-01-01,0.0
2020-01-01,0.0
2020-01-01,4872.0
2020-01-01,0.0
2020-01-01,0.0
2020-01-01,0.0
2020-01-01,105.0
2020-01-01,406.0
2020-01-01,206.22
2020-01-01,59.97
2020-01-01,4071.6
2020-01-01,696.0
2020-01-01,599.26
2020-01-01,173.1
2020-01-01,236.57
2020-01-01,1624.0
2020-01-01,3509.87
2020-01-01,417.6
2020-01-01,1321.38
2020-01-01,1300.39
2020-01-01,2320.0
2020-01-01,1956.92
2020-01-01,0.0
2020-01-01,234.55
2020-01-01,99.0
2020-01-01,112.33
2020-01-01,0.0
2020-01-01,0.0
2020-01-01,4972.58
2020-01-01,2379.11
2020-01-01,2176.16
2020-01-01,2176.16
2020-01-01,1044.0
2020-01-01,0.0
2020-01-01,105.0
2020-01-01,407.16
2020-01-01,972.02
2020-01-01,363.38
2020-01-01,3219.0
2020-01-01,991.8
2020-01-01,378.45
2020-01-01,2267.8
2020-01-01,833.13
2020-01-01,1069.5
2020-01-01,0.0
2020-01-01,991.8
2020-01-01,0.0
2020-01-01,2927.84
2020-01-01,99.5
2020-01-01,0.0
2020-01-01,3224.22
2020-01-01,0.0
2020-01-01,0.0
2020-01-01,0.0
2020-01-01,0.0
2020-01-01,123.02
2020-01-01,4176.0
2020-01-01,4640.0
2020-01-01,1218.0
2020-01-01,178.18
2020-01-01,0.0
2020-01-01,107.31
2020-01-01,351.48
2020-01-01,979.75
2020-01-01,358.0
2020-01-01,3789.05
2020-01-01,-669.0
2020-01-01,3446.33
2020-01-01,236.5
2020-01-01,97.26
2020-01-01,522.0
2020-01-01,309.02
2020-01-01,2984.1
2020-01-01,943.44
2020-01-01,84.79
2020-01-01,0.0
2020-01-01,574.2
2020-01-01,-696.0
2020-01-01,0.0
2020-01-01,1390.0
2020-01-01,2668.0
2020-01-01,264.75
2020-01-01,0.0
2020-01-01,0.0
2020-01-01,0.0
2020-01-01,336.12
2020-01-01,2046.24
2020-01-01,6182.01
2020-01-01,398.99
2020-01-01,319.29
2020-01-01,140.0
2020-01-01,0.0
2020-01-01,0.0
2020-01-01,0.0
2020-01-01,1396.84
2020-01-01,250.0
2020-01-01,0.0
2020-01-01,1300.23
2020-01-01,900.03
2020-01-01,1418.91
2020-01-01,1531.2
2020-01-01,0.0
2020-01-01,3596.0
2020-01-01,0.0
2020-01-01,0.0
2020-01-01,0.0
2020-01-01,0.0
2020-01-01,0.0
2020-01-01,365.0
2020-01-01,0.0
2020-01-01,400.0
2020-01-01,876.33
2020-01-01,0.0
2020-01-01,0.0
2020-01-01,539.0
2020-01-01,168.0
2020-01-01,600.0
2020-01-01,500.0
2020-01-01,100.0
2020-01-01,100.0
2020-01-01,277.7
2020-01-01,3790.88
2020-01-01,4231.68
2020-01-01,3044.49
2020-01-01,2151.8
2020-01-01,7145.6
2020-01-01,2958.0
2020-01-01,185.6
2020-01-01,793.44
2020-01-01,793.44
2020-01-01,112.83
2020-01-01,32.18
2020-01-01,2273.74
2020-01-01,0.0
2020-01-01,0.0
2020-01-01,2258.52
2020-01-01,7292.34
2020-01-01,1710.42
2020-01-01,1997.61
2020-01-01,6667.34
2020-01-01,5684.0
2020-01-01,2335.63
2020-01-01,87.99
2020-01-01,0.0
2020-01-01,0.0
2020-01-01,0.0
2020-01-01,0.0
2020-01-01,528.96
2020-01-01,2688.67
2020-01-01,0.0
2020-01-01,140.0
2020-01-01,843.0
2020-01-01,269.0
2020-01-01,54.17
2020-01-01,3962.61
2020-01-01,200.0
2020-01-01,186.76
2020-01-01,5982.12
2020-01-01,0.0
2020-01-01,2610.0
2020-01-01,0.0
2020-01-01,398.99
2020-01-01,0.0
2020-01-01,2583.75
2020-01-01,1597.32
2020-01-01,1067.99
2020-01-01,2289.01
2020-01-01,435.0
2020-01-01,0.0
2020-01-01,0.0
2020-01-01,99.9
2020-01-01,0.0
2020-01-01,733.82
2020-01-01,2630.88
2020-01-01,115.0
2020-01-01,1183.2
2020-01-01,794.17
2020-01-01,1117.38
2020-01-01,2084.0
2020-01-01,0.0
2020-01-01,991.8
2020-01-01,532.64
2020-01-01,3596.0
2020-01-01,22.0
2020-01-01,22.0
2020-01-01,165.95
2020-01-01,305.34
2020-01-01,0.0
2020-01-01,3549.6
2020-01-01,857.3
2020-01-01,324.0
2020-01-01,0.0
2020-01-01,1113.6
2020-01-01,52.7
2020-01-01,1508.0
2020-01-01,29.0
2020-01-01,100.0
2020-01-01,0.0
2020-01-01,494.16
2020-01-01,980.05
2020-01-01,96.51
2020-01-01,2365.47
2020-01-01,1501.04
2020-01-01,0.0
2020-01-01,105.0
2020-01-01,2024.32
2020-01-01,2699.09
2020-01-01,200.0
2020-01-01,3981.45
2020-01-01,3950.85
2020-01-01,194.0
2020-01-01,2057.54
2020-01-01,0.0
2020-01-01,0.0
2020-01-01,0.0
2020-01-01,0.0
2020-01-01,0.0
2020-01-01,125.87
2020-01-01,1856.0
2020-01-01,4151.99
2020-01-01,478.99
2020-01-01,0.0
2020-01-01,1944.45
2020-01-01,810.26
2020-01-01,0.0
2020-01-01,1024.51
2020-01-01,282.34
2020-01-01,937.28
2020-01-01,511.42
2020-01-01,1276.0
2020-01-01,6925.34
2020-01-01,1953.95
2020-01-01,1000.0
2020-01-01,0.0
2020-01-01,121.8
2020-01-01,0.0
2020-01-01,5800.0
2020-01-01,2402.07
2020-01-01,178.27
2020-01-01,7684.94
2020-01-01,32.94
2020-01-01,0.0
2020-01-01,0.0
2020-01-01,1241.2
2020-01-01,0.0
2020-01-01,0.0
2020-01-01,600.0
2020-01-01,0.0
2020-01-01,43.93
2020-01-01,2850.12
2020-01-01,1000.17
2020-01-01,240.12
2020-01-01,130.5
2020-01-01,0.0
2020-01-01,0.0
2020-01-01,0.0
2020-01-01,105.0
2020-02-01,568.4
2020-02-01,226.2
2020-02-01,1169.15
2020-02-01,-1558.71
2020-02-01,-249.39
2020-02-01,6199.92
2020-02-01,5976.52
2020-02-01,4257.75
2020-02-01,3401.7
2020-02-01,152.99
2020-02-01,4902.33
2020-02-01,0.0
2020-02-01,0.0
2020-02-01,0.0
2020-02-01,0.0
2020-02-01,0.0
2020-02-01,0.0
2020-02-01,3946.25
2020-02-01,860.96
2020-02-01,2981.03
2020-02-01,792.06
2020-02-01,4872.0
2020-02-01,2389.77
2020-02-01,8102.6
2020-02-01,678.6
2020-02-01,1450.0
2020-02-01,475.6
2020-02-01,0.0
2020-02-01,7492.44
2020-02-01,2208.64
2020-02-01,0.0
2020-02-01,0.0
2020-02-01,475.6
2020-02-01,1218.0
2020-02-01,3952.51
2020-02-01,530.12
2020-02-01,81.03
2020-02-01,115.57
2020-02-01,790.0
2020-02-01,780.0
2020-02-01,1866.21
2020-02-01,162.4
2020-02-01,2081.04
2020-02-01,1392.0
2020-02-01,0.0
2020-02-01,0.0
2020-02-01,6676.05
2020-02-01,1845.93
2020-02-01,-3224.22
2020-02-01,5498.4
2020-02-01,174.0
2020-02-01,5574.68
2020-02-01,178.46
2020-02-01,225.04
2020-02-01,100.0
2020-02-01,0.0
2020-02-01,22.0
2020-02-01,22.0
2020-02-01,538.24
2020-02-01,266.8
2020-02-01,3161.87
2020-02-01,1321.38
2020-02-01,485.24
2020-02-01,1241.2
2020-02-01,538.24
2020-02-01,1073.0
2020-02-01,1502.66
2020-02-01,4408.0
2020-02-01,3194.18
2020-02-01,100.0
2020-02-01,883.76
2020-02-01,3522.22
2020-02-01,1392.0
2020-02-01,2387.28
2020-02-01,134.0
2020-02-01,70.0
2020-02-01,2320.48
2020-02-01,899.0
2020-02-01,798.99
2020-02-01,798.99
2020-02-01,798.99
2020-02-01,417.6
2020-02-01,313.2
2020-02-01,2267.8
2020-02-01,1149.6
2020-02-01,2204.0
2020-02-01,-68.4
2020-02-01,-1149.6
2020-02-01,1199.9
2020-02-01,469.8
2020-02-01,2947.35
2020-02-01,650.01
2020-02-01,0.0
2020-02-01,168.2
2020-02-01,173.24
2020-02-01,125.28
2020-02-01,150.0
2020-02-01,0.0
2020-02-01,730.0
2020-02-01,920.01
2020-02-01,522.0
2020-02-01,104.4
2020-02-01,1981.06
2020-02-01,150.8
2020-02-01,0.0
2020-02-01,2704.89
2020-02-01,3813.33
2020-02-01,132.24
2020-02-01,2830.4
2020-02-01,1800.85
2020-02-01,0.0
2020-02-01,0.0
2020-02-01,2828.08
2020-02-01,0.0
2020-02-01,70.0
2020-02-01,480.1
2020-02-01,72.0
2020-02-01,131.97
2020-02-01,500.0
2020-02-01,2176.79
2020-02-01,4724.97
2020-02-01,250.0
2020-02-01,44.41
2020-02-01,384.89
2020-02-01,5498.4
2020-02-01,59.58
2020-02-01,4640.0
2020-02-01,1286.81
2020-02-01,815.02
2020-02-01,366.94
2020-02-01,236.57
2020-02-01,794.31
2020-02-01,516.2
2020-02-01,8182.07
2020-02-01,874.2
2020-02-01,1259.83
2020-02-01,3410.4
2020-02-01,0.0
2020-02-01,-522.0
2020-02-01,210.0
2020-02-01,55.0
2020-02-01,3691.7
2020-02-01,267.0
2020-02-01,100.0
2020-02-01,22.48
2020-02-01,75.95
2020-02-01,243.6
2020-02-01,22.0
2020-02-01,4263.0
2020-02-01,70.0
2020-02-01,0.0
2020-02-01,0.0
2020-02-01,313.42
2020-02-01,398.99
2020-02-01,0.0
2020-02-01,100.0
2020-02-01,2120.7
2020-02-01,86.74
2020-02-01,936.12
2020-02-01,2871.0
2020-02-01,3695.76
2020-02-01,895.52
2020-02-01,3737.61
2020-02-01,6322.48
2020-02-01,6567.13
2020-02-01,6330.75
2020-02-01,1936.04
2020-02-01,0.0
2020-02-01,4888.24
2020-02-01,630.11
2020-02-01,6612.0
2020-02-01,0.0
2020-02-01,0.0
2020-02-01,0.0
2020-02-01,0.0
2020-02-01,0.0
2020-02-01,4604.04
2020-02-01,7905.4
2020-02-01,101.86
2020-02-01,632.2
2020-02-01,25.62
2020-02-01,2204.0
2020-02-01,346.09
2020-02-01,3656.32
2020-02-01,1828.16
2020-02-01,1624.0
2020-02-01,1409.4
2020-02-01,612.04
2020-02-01,923.36
2020-02-01,1617.35
2020-02-01,681.0
2020-02-01,6606.78
2020-02-01,1906.6
2020-02-01,0.0
2020-02-01,7493.59
2020-02-01,391.5
2020-02-01,3557.15
2020-02-01,177.78
2020-02-01,0.0
2020-02-01,0.0
2020-02-01,921.68
2020-02-01,7258.13
2020-02-01,0.0
2020-02-01,1382.7
2020-02-01,118.61
2020-02-01,5223.13
2020-02-01,2119.84
2020-02-01,174.0
2020-02-01,160.08
2020-02-01,3492.18
2020-02-01,1172.76
2020-02-01,0.0
2020-02-01,781.38
2020-02-01,359.6
2020-02-01,2784.0
2020-02-01,1508.0
2020-02-01,580.0
2020-02-01,0.0
2020-02-01,1300.15
2020-02-01,28.94
2020-02-01,1818.88
2020-02-01,359.79
2020-02-01,1151.81
2020-02-01,1014.19
2020-02-01,0.0
2020-02-01,2494.0
2020-02-01,0.0
2020-02-01,0.0
2020-02-01,0.0
2020-02-01,398.99
2020-02-01,0.0
2020-02-01,820.0
2020-02-01,1378.08
2020-02-01,0.0
2020-02-01,269.79
2020-02-01,0.0
2020-02-01,116.26
2020-02-01,0.0
2020-02-01,517.94
2020-02-01,0.0
2020-02-01,417.6
2020-02-01,1133.69
2020-02-01,0.0
2020-02-01,621.44
2020-02-01,3699.24
2020-02-01,0.0
2020-02-01,0.0
2020-02-01,0.0
2020-02-01,296.96
2020-02-01,0.0
2020-02-01,0.0
2020-02-01,0.0
2020-02-01,70.0
2020-02-01,0.0
2020-02-01,348.0
2020-02-01,100.0
2020-02-01,580.0
2020-02-01,363.2
2020-02-01,500.0
2020-02-01,3549.6
2020-02-01,719.2
2020-02-01,2039.28
2020-02-01,2237.64
2020-02-01,2925.06
2020-02-01,99.0
2020-02-01,330.37
2020-02-01,0.0
2020-02-01,0.0
2020-02-01,3712.0
2020-02-01,4151.99
2020-02-01,0.0
2020-02-01,2066.75
2020-02-01,2289.01
2020-02-01,275.0
2020-02-01,1346.64
2020-02-01,893.2
2020-02-01,121.57
2020-02-01,7258.07
2020-02-01,100.0
2020-02-01,560.28
2020-02-01,0.0
2020-02-01,1974.76
2020-02-01,829.33
2020-02-01,279.0
2020-02-01,748.2
2020-02-01,1891.55
2020-02-01,140.0
2020-02-01,95.0
2020-02-01,4685.0
2020-02-01,827.0
2020-02-01,3111.99
2020-02-01,240.12
2020-02-01,1034.67
2020-02-01,568.4
2020-02-01,243.6
2020-02-01,4709.4
2020-02-01,105.0
2020-02-01,0.0
2020-02-01,0.0
2020-03-01,2100.06
2020-03-01,0.0
2020-03-01,0.0
2020-03-01,8218.6
2020-03-01,847.59
2020-03-01,0.0
2020-03-01,580.0
2020-03-01,0.0
2020-03-01,3323.4
2020-03-01,2371.04
2020-03-01,571.37
2020-03-01,676.72
2020-03-01,0.0
2020-03-01,2119.84
2020-03-01,4872.0
2020-03-01,0.0
2020-03-01,487.2
2020-03-01,615.26
2020-03-01,1264.4
2020-03-01,4575.62
2020-03-01,208.8
2020-03-01,281.0
2020-03-01,1451.16
2020-03-01,33.64
2020-03-01,2985.84
2020-03-01,0.0
2020-03-01,360.0
2020-03-01,1624.0
2020-03-01,303.34
2020-03-01,8102.6
2020-03-01,3149.98
2020-03-01,155.0
2020-03-01,575.48
2020-03-01,0.0
2020-03-01,6199.92
2020-03-01,5976.52
2020-03-01,6914.75
2020-03-01,144.0
2020-03-01,7348.0
2020-03-01,147.0
2020-03-01,0.0
2020-03-01,870.01
2020-03-01,118.88
2020-03-01,1486.75
2020-03-01,8120.0
2020-03-01,704.12
2020-03-01,0.0
2020-03-01,997.6
2020-03-01,1981.06
2020-03-01,135.78
2020-03-01,1233.66
2020-03-01,5637.6
2020-03-01,67.0
2020-03-01,1669.47
2020-03-01,371.2
2020-03-01,0.0
2020-03-01,0.0
2020-03-01,590.7
2020-03-01,314.0
2020-03-01,310.06
2020-03-01,0.0
2020-03-01,2554.32
2020-03-01,899.0
2020-03-01,798.99
2020-03-01,798.99
2020-03-01,798.99
2020-03-01,2163.53
2020-03-01,2998.6
2020-03-01,0.0
2020-03-01,0.0
2020-03-01,93.5
2020-03-01,2941.76
2020-03-01,3540.32
2020-03-01,600.0
2020-03-01,1778.28
2020-03-01,461.0
2020-03-01,452.4
2020-03-01,81.11
2020-03-01,1050.0
2020-03-01,1321.38
2020-03-01,175.0
2020-03-01,1241.2
2020-03-01,236.57
2020-03-01,1300.0
2020-03-01,4130.95
2020-03-01,0.0
2020-03-01,1809.6
2020-03-01,4640.0
2020-03-01,2050.94
2020-03-01,125.41
2020-03-01,465.0
2020-03-01,891.82
2020-03-01,1409.4
2020-03-01,2839.68
2020-03-01,6131.76
2020-03-01,0.0
2020-03-01,178.0
2020-03-01,375.67
2020-03-01,4904.48
2020-03-01,3161.7
2020-03-01,7905.4
2020-03-01,311.6
2020-03-01,580.0
2020-03-01,4269.96
2020-03-01,2728.32
2020-03-01,0.0
2020-03-01,0.0
2020-03-01,0.0
2020-03-01,0.0
2020-03-01,1906.67
2020-03-01,7258.03
2020-03-01,473.0
2020-03-01,320.74
2020-03-01,0.0
2020-03-01,0.0
2020-03-01,214.99
2020-03-01,205.72
2020-03-01,854.92
2020-03-01,0.0
2020-03-01,423.17
2020-03-01,983.33
2020-03-01,3155.78
2020-03-01,5052.96
2020-03-01,2606.52
2020-03-01,1512.64
2020-03-01,1131.0
2020-03-01,5684.0
2020-03-01,5928.59
2020-03-01,179.0
2020-03-01,200.0
2020-03-01,42.92
2020-03-01,945.31
2020-03-01,700.0
2020-03-01,0.0
2020-03-01,0.0
2020-03-01,0.0
2020-03-01,479.91
2020-03-01,107.31
2020-03-01,2876.8
2020-03-01,4849.2
2020-03-01,2943.5
2020-03-01,0.0
2020-03-01,0.0
2020-03-01,104.11
2020-03-01,649.6
2020-03-01,2826.46
2020-03-01,309.35
2020-03-01,398.99
2020-03-01,6348.0
2020-03-01,175.0
2020-03-01,0.0
2020-03-01,0.0
2020-03-01,705.7
2020-03-01,1044.0
2020-03-01,0.0
2020-03-01,5626.35
2020-03-01,3540.32
2020-03-01,1624.0
2020-03-01,247.52
2020-03-01,2951.04
2020-03-01,2088.0
2020-03-01,395.56
2020-03-01,2540.69
2020-03-01,0.0
2020-03-01,1701.72
2020-03-01,2706.28
2020-03-01,406.0
2020-03-01,1512.64
2020-03-01,754.0
2020-03-01,1160.0
2020-03-01,0.0
2020-03-01,340.28
2020-03-01,22.0
2020-03-01,2505.6
2020-03-01,7258.05
2020-03-01,0.0
2020-03-01,8087.13
2020-03-01,1789.62
2020-03-01,3567.87
2020-03-01,273.16
2020-03-01,107.31
2020-03-01,7864.8
2020-03-01,6107.63
2020-03-01,1327.04
2020-03-01,187.92
2020-03-01,1502.66
2020-03-01,2784.0
2020-03-01,245.0
2020-03-01,398.99
2020-03-01,0.0
2020-03-01,0.0
2020-03-01,0.0
2020-03-01,0.0
2020-03-01,4910.28
2020-03-01,5199.12
2020-03-01,0.0
2020-03-01,2523.42
2020-03-01,1387.89
2020-03-01,471.79
2020-03-01,18.56
2020-03-01,18.56
2020-03-01,0.0
2020-03-01,1529.51
2020-03-01,2030.0
2020-03-01,290.0
2020-03-01,620.6
2020-03-01,1533.52
2020-03-01,1392.0
2020-03-01,1249.32
2020-03-01,49.9
2020-03-01,2088.0
2020-03-01,254.06
2020-03-01,157.48
2020-03-01,684.4
2020-03-01,2020.72
2020-03-01,0.0
2020-03-01,843.32
2020-03-01,0.0
2020-03-01,210.21
2020-03-01,882.06
2020-03-01,511.0
2020-03-01,70.0
2020-03-01,552.16
2020-03-01,70.85
2020-03-01,4790.8
2020-03-01,4151.99
2020-03-01,3164.48
2020-03-01,943.63
2020-03-01,1142.63
2020-03-01,600.0
2020-03-01,2066.75
2020-03-01,2289.01
2020-03-01,0.0
2020-03-01,1972.93
2020-03-01,7653.93
2020-03-01,2373.51
2020-03-01,1912.9
2020-03-01,0.0
2020-03-01,0.0
2020-03-01,18.53
2020-03-01,239.04
2020-03-01,1113.6
2020-03-01,487.0
2020-03-01,334.0
2020-03-01,70.0
2020-03-01,352.32
2020-03-01,942.5
2020-03-01,0.0
2020-03-01,571.0
2020-03-01,193.44
2020-03-01,4685.0
2020-03-01,0.0
2020-03-01,2655.07
2020-03-01,950.6
2020-03-01,469.8
2020-03-01,4962.48
2020-03-01,4766.5
2020-03-01,4766.5
2020-03-01,0.0
2020-03-01,278.24
2020-03-01,2262.0
2020-03-01,0.0
2020-03-01,105.0
2020-03-01,64.83
2020-04-01,0.0
2020-04-01,150.8
2020-04-01,1735.01
2020-04-01,7198.82
2020-04-01,7258.06
2020-04-01,1287.6
2020-04-01,306.96
2020-04-01,399.63
2020-04-01,4872.0
2020-04-01,2606.52
2020-04-01,113.05
2020-04-01,0.0
2020-04-01,510.01
2020-04-01,568.4
2020-04-01,226.2
2020-04-01,6977.05
2020-04-01,5220.0
2020-04-01,168.0
2020-04-01,1214.32
2020-04-01,18.32
2020-04-01,754.0
2020-04-01,3456.0
2020-04-01,860.72
2020-04-01,4141.2
2020-04-01,3.55
2020-04-01,0.0
2020-04-01,0.0
2020-04-01,691.36
2020-04-01,899.0
2020-04-01,798.99
2020-04-01,798.99
2020-04-01,798.99
2020-04-01,6199.92
2020-04-01,5976.52
2020-04-01,6348.0
2020-04-01,0.0
2020-04-01,4766.5
2020-04-01,0.0
2020-04-01,236.57
2020-04-01,0.0
2020-04-01,0.0
2020-04-01,0.0
2020-04-01,3535.68
2020-04-01,1321.38
2020-04-01,975.0
2020-04-01,260.5
2020-04-01,613.9
2020-04-01,4640.0
2020-04-01,514.0
2020-04-01,0.0
2020-04-01,0.0
2020-04-01,736.65
2020-04-01,0.0
2020-04-01,200.22
2020-04-01,398.99
2020-04-01,344.03
2020-04-01,0.0
2020-04-01,0.0
2020-04-01,0.0
2020-04-01,232.0
2020-04-01,1798.0
2020-04-01,2685.4
2020-04-01,0.0
2020-04-01,1467.63
2020-04-01,7258.06
2020-04-01,5425.83
2020-04-01,2.9
2020-04-01,0.0
2020-04-01,1906.67
2020-04-01,1143.88
2020-04-01,5080.8
2020-04-01,2226.75
2020-04-01,1671.27
2020-04-01,0.0
2020-04-01,0.0
2020-04-01,3071.1
2020-04-01,6709.29
2020-04-01,0.0
2020-04-01,0.0
2020-04-01,0.0
2020-04-01,0.0
2020-04-01,0.0
2020-04-01,1666.92
2020-04-01,2753.84
2020-04-01,0.0
2020-04-01,0.0
2020-04-01,0.0
2020-04-01,1552.0
2020-04-01,553.01
2020-04-01,3719.7
2020-04-01,0.0
2020-04-01,0.0
2020-04-01,3190.0
2020-04-01,7770.84
2020-04-01,67.33
2020-04-01,979.02
2020-04-01,981.36
2020-04-01,0.0
2020-04-01,113.04
2020-04-01,5799.89
2020-04-01,2738.13
2020-04-01,382.81
2020-04-01,0.0
2020-04-01,0.0
2020-04-01,124.27
2020-04-01,202.8
2020-04-01,0.0
2020-04-01,413.54
2020-04-01,5265.94
2020-04-01,7258.06
2020-04-01,184.5
2020-04-01,0.0
2020-04-01,3480.0
2020-04-01,1648.09
2020-04-01,945.42
2020-04-01,945.42
2020-04-01,398.99
2020-04-01,3301.77
2020-04-01,2917.6
2020-04-01,0.0
2020-04-01,690.11
2020-04-01,7731.86
2020-04-01,7166.71
2020-04-01,1160.0
2020-04-01,0.0
2020-04-01,2289.01
2020-04-01,0.0
2020-04-01,0.0
2020-04-01,0.0
2020-04-01,0.0
2020-04-01,2066.75
2020-04-01,625.24
2020-04-01,11.48
2020-04-01,67.35
2020-04-01,0.0
2020-04-01,6914.51
2020-04-01,290.0
2020-04-01,55.29
2020-04-01,950.11
2020-04-01,0.0
2020-04-01,105.0
2020-04-01,4918.4
2020-04-01,2349.99
2020-04-01,1669.0
2020-04-01,4685.0
2020-04-01,279.0
2020-04-01,0.0
2020-04-01,5000.0
2020-04-01,4790.8
2020-04-01,0.0
2020-04-01,1098.27
2020-04-01,0.0
2020-04-01,232.0
2020-04-01,2965.71
2020-04-01,22.0
2020-04-01,0.0
2020-04-01,0.0
2020-04-01,4100.0
2020-05-01,568.4
2020-05-01,330.6
2020-05-01,269.8
2020-05-01,0.0
2020-05-01,0.0
2020-05-01,6199.92
2020-05-01,5976.52
2020-05-01,39.7
2020-05-01,0.0
2020-05-01,0.0
2020-05-01,0.0
2020-05-01,0.0
2020-05-01,798.99
2020-05-01,899.0
2020-05-01,798.99
2020-05-01,798.99
2020-05-01,5000.01
2020-05-01,2247.27
2020-05-01,2998.6
2020-05-01,4389.02
2020-05-01,3348.0
2020-05-01,157.0
2020-05-01,0.0
2020-05-01,0.0
2020-05-01,0.0
2020-05-01,0.0
2020-05-01,0.0
2020-05-01,195.99
2020-05-01,2750.36
2020-05-01,0.0
2020-05-01,1321.38
2020-05-01,80.16
2020-05-01,0.0
2020-05-01,0.0
2020-05-01,1160.0
2020-05-01,113.77
2020-05-01,18.65
2020-05-01,1432.3
2020-05-01,236.57
2020-05-01,3550.59
2020-05-01,0.0
2020-05-01,0.0
2020-05-01,0.0
2020-05-01,0.0
2020-05-01,0.0
2020-05-01,0.0
2020-05-01,395.68
2020-05-01,0.0
2020-05-01,0.0
2020-05-01,-2070.1
2020-05-01,-1178.57
2020-05-01,86.0
2020-05-01,733.68
2020-05-01,396.72
2020-05-01,495.0
2020-05-01,274.48
2020-05-01,2796.76
2020-05-01,0.0
2020-05-01,0.0
2020-05-01,0.0
2020-05-01,0.0
2020-05-01,5406.39
2020-05-01,-1170.55
2020-05-01,1178.57
2020-05-01,5307.41
2020-05-01,1276.0
2020-05-01,1044.0
2020-05-01,4640.0
2020-05-01,253.14
2020-05-01,202.8
2020-05-01,3357.12
2020-05-01,1680.65
2020-05-01,240.11
2020-05-01,398.99
2020-05-01,0.0
2020-05-01,2731.22
2020-05-01,3763.8
2020-05-01,0.0
2020-05-01,79.09
2020-05-01,696.0
2020-05-01,0.0
2020-05-01,880.9
2020-05-01,4311.6
2020-05-01,173.7
2020-05-01,3596.0
2020-05-01,1856.0
2020-05-01,0.0
2020-05-01,2227.56
2020-05-01,2856.41
2020-05-01,226.32
2020-05-01,951.2
2020-05-01,1062.57
2020-05-01,3336.55
2020-05-01,1189.0
2020-05-01,0.0
2020-05-01,0.0
2020-05-01,0.0
2020-05-01,0.0
2020-05-01,0.0
2020-05-01,7.99
2020-05-01,0.0
2020-05-01,0.0
2020-05-01,7468.92
2020-05-01,1999.0
2020-05-01,210.0
2020-05-01,405.42
2020-05-01,13.35
2020-05-01,3700.7
2020-05-01,0.0
2020-05-01,2218.07
2020-05-01,323.98
2020-05-01,22.0
2020-05-01,305.34
2020-05-01,1276.0
2020-05-01,69.0
2020-05-01,94.06
2020-05-01,398.99
2020-05-01,1085.76
2020-05-01,0.0
2020-05-01,2066.75
2020-05-01,2289.01
2020-05-01,0.0
2020-05-01,51.89
2020-05-01,419.0
2020-05-01,132.26
2020-05-01,4448.82
2020-05-01,1044.64
2020-05-01,2861.52
2020-05-01,0.0
2020-05-01,0.0
2020-05-01,217.2
2020-05-01,3434.76
2020-05-01,905.96
2020-05-01,205.0
2020-05-01,3348.0
2020-05-01,1583.0
2020-05-01,1264.0
2020-05-01,113.0
2020-05-01,113.0
2020-05-01,0.0
2020-05-01,0.0
2020-05-01,0.0
2020-05-01,150.0
2020-05-01,303.02
2020-05-01,614.6
2020-05-01,3700.7
2020-05-01,64.0
2020-05-01,691.0
2020-05-01,17.9
2020-05-01,648.82
2020-05-01,219.59
2020-05-01,2372.57
2020-05-01,0.0
2020-05-01,748.22
2020-05-01,100.84
2020-05-01,107.31
2020-05-01,2000.0
2020-05-01,4510.08
2020-05-01,91.94
2020-05-01,4685.0
2020-05-01,192.08
2020-05-01,1350.01
2020-05-01,1900.0
2020-05-01,568.4
2020-05-01,0.0
2020-05-01,0.0
2020-05-01,0.0
2020-05-01,0.0
2020-05-01,0.0
2020-05-01,0.0
2020-05-01,0.0
2020-05-01,6500.0
2020-06-01,1392.0
2020-06-01,1953.95
2020-06-01,1720.91
2020-06-01,1975.1
2020-06-01,0.0
2020-06-01,1115.18
2020-06-01,116.0
2020-06-01,302.86
2020-06-01,998.76
2020-06-01,348.0
2020-06-01,0.0
2020-06-01,3336.55
2020-06-01,1450.0
2020-06-01,202.8
2020-06-01,43.5
2020-06-01,6264.0
2020-06-01,338.08
2020-06-01,338.08
2020-06-01,175.0
2020-06-01,0.0
2020-06-01,0.0
2020-06-01,0.0
2020-06-01,18.14
2020-06-01,4593.6
2020-06-01,3410.4
2020-06-01,0.0
2020-06-01,0.0
2020-06-01,0.0
2020-06-01,5202.6
2020-06-01,3416.1
2020-06-01,925.95
2020-06-01,0.0
2020-06-01,1840.99
2020-06-01,141.4
2020-06-01,550.68
2020-06-01,500.0
2020-06-01,66.61
2020-06-01,782.25
2020-06-01,35.0
2020-06-01,1931.15
2020-06-01,2446.72
2020-06-01,549.01
2020-06-01,241.87
2020-06-01,899.0
2020-06-01,2998.6
2020-06-01,696.0
2020-06-01,1360.8
2020-06-01,235.0
2020-06-01,3833.0
2020-06-01,3348.0
2020-06-01,5359.2
2020-06-01,275.92
2020-06-01,42.66
2020-06-01,0.0
2020-06-01,1468.56
2020-06-01,1321.38
2020-06-01,0.0
2020-06-01,3248.0
2020-06-01,5242.75
2020-06-01,950.04
2020-06-01,0.0
2020-06-01,0.0
2020-06-01,117.03
2020-06-01,1874.42
2020-06-01,3486.73
2020-06-01,2320.0
2020-06-01,2273.6
2020-06-01,1734.12
2020-06-01,13.86
2020-06-01,19.82
2020-06-01,2463.61
2020-06-01,1875.89
2020-06-01,406.0
2020-06-01,288.14
2020-06-01,0.0
2020-06-01,4621.26
2020-06-01,0.0
2020-06-01,0.0
2020-06-01,1287.6
2020-06-01,6252.4
2020-06-01,696.0
2020-06-01,16.54
2020-06-01,0.0
2020-06-01,1156.25
2020-06-01,1853.25
2020-06-01,1351.0
2020-06-01,583.8
2020-06-01,4348.0
2020-06-01,0.0
2020-06-01,4524.93
2020-06-01,4683.62
2020-06-01,2929.7
2020-06-01,1136.8
2020-06-01,4640.0
2020-06-01,34.67
2020-06-01,2039.05
2020-06-01,3836.13
2020-06-01,820.41
2020-06-01,4284.25
2020-06-01,3271.2
2020-06-01,140.0
2020-06-01,3329.2
2020-06-01,1566.0
2020-06-01,0.0
2020-06-01,0.0
2020-06-01,15.22
2020-06-01,1617.5
2020-06-01,0.0
2020-06-01,0.0
2020-06-01,0.0
2020-06-01,3176.89
2020-06-01,5063.02
2020-06-01,4811.68
2020-06-01,5008.44
2020-06-01,872.36
2020-06-01,1702.9
2020-06-01,0.0
2020-06-01,0.0
2020-06-01,0.0
2020-06-01,7559.96
2020-06-01,275.44
2020-06-01,218.14
2020-06-01,0.0
2020-06-01,7099.2
2020-06-01,509.99
2020-06-01,2200.0
2020-06-01,140.0
2020-06-01,453.56
2020-06-01,0.0
2020-06-01,0.0
2020-06-01,227.0
2020-06-01,0.0
2020-06-01,2644.8
2020-06-01,0.0
2020-06-01,4393.15
2020-06-01,255.26
2020-06-01,497.64
2020-06-01,0.0
2020-06-01,2348.0
2020-06-01,1276.0
2020-06-01,3306.0
2020-06-01,323.57
2020-06-01,398.99
2020-06-01,2756.16
2020-06-01,146.81
2020-06-01,208.8
2020-06-01,603.2
2020-06-01,310.01
2020-06-01,310.01
2020-06-01,267.0
2020-06-01,0.0
2020-06-01,5724.6
2020-06-01,3938.2
2020-06-01,84.3
2020-06-01,98.14
2020-06-01,355.59
2020-06-01,0.0
2020-06-01,3248.31
2020-06-01,0.0
2020-06-01,5685.35
2020-06-01,0.0
2020-06-01,0.0
2020-06-01,6960.0
2020-06-01,255.2
2020-06-01,1453.79
2020-06-01,128.19
2020-06-01,1633.74
2020-06-01,2372.57
2020-06-01,1666.75
2020-06-01,1239.46
2020-06-01,452.4
2020-06-01,80.01
2020-06-01,1740.0
2020-06-01,2504.21
2020-06-01,0.0
2020-06-01,1160.0
2020-06-01,11.1
2020-06-01,0.0
2020-06-01,4951.95
2020-06-01,0.0
2020-06-01,1870.96
2020-06-01,2350.0
2020-06-01,140.0
2020-06-01,0.0
2020-06-01,6264.0
2020-06-01,6264.0
2020-06-01,5348.0
2020-06-01,300.0
2020-06-01,219.93
2020-06-01,2273.6
2020-06-01,4685.0
2020-06-01,1083.18
2020-06-01,1740.0
2020-06-01,2021.94
2020-06-01,0.0
2020-06-01,496.48
2020-06-01,0.0
2020-06-01,0.0
2020-06-01,189.8
2020-06-01,59.57
2020-06-01,22.0
2020-07-01,464.0
2020-07-01,844.48
2020-07-01,0.0
2020-07-01,0.0
2020-07-01,5265.24
2020-07-01,4857.21
2020-07-01,6170.3
2020-07-01,317.78
2020-07-01,0.0
2020-07-01,235.49
2020-07-01,143.0
2020-07-01,22.0
2020-07-01,191.47
2020-07-01,0.0
2020-07-01,5568.78
2020-07-01,3445.2
2020-07-01,389.76
2020-07-01,651.46
2020-07-01,80.0
2020-07-01,568.4
2020-07-01,121.8
2020-07-01,6186.39
2020-07-01,210.4
2020-07-01,2360.63
2020-07-01,0.0
2020-07-01,0.0
2020-07-01,7261.6
2020-07-01,2998.6
2020-07-01,1067.2
2020-07-01,348.3
2020-07-01,175.0
2020-07-01,448.59
2020-07-01,549.01
2020-07-01,4128.12
2020-07-01,5551.77
2020-07-01,5551.75
2020-07-01,1210.02
2020-07-01,0.0
2020-07-01,4766.5
2020-07-01,2262.0
2020-07-01,478.0
2020-07-01,4.67
2020-07-01,1809.6
2020-07-01,0.0
2020-07-01,2888.24
2020-07-01,1474.3
2020-07-01,170.0
2020-07-01,698.0
2020-07-01,0.0
2020-07-01,6324.19
2020-07-01,0.0
2020-07-01,6960.0
2020-07-01,1160.0
2020-07-01,1900.0
2020-07-01,236.57
2020-07-01,199.51
2020-07-01,16.0
2020-07-01,3765.31
2020-07-01,53.0
2020-07-01,3310.5
2020-07-01,2360.65
2020-07-01,452.4
2020-07-01,178.0
2020-07-01,633.65
2020-07-01,928.0
2020-07-01,0.0
2020-07-01,5980.0
2020-07-01,87.43
2020-07-01,22.0
2020-07-01,0.0
2020-07-01,130.5
2020-07-01,0.0
2020-07-01,1321.38
2020-07-01,742.4
2020-07-01,6734.5
2020-07-01,0.0
2020-07-01,0.0
2020-07-01,0.0
2020-07-01,2470.8
2020-07-01,552.16
2020-07-01,1740.0
2020-07-01,5220.0
2020-07-01,3408.37
2020-07-01,622.08
2020-07-01,2793.52
2020-07-01,83.23
2020-07-01,157.49
2020-07-01,599.33
2020-07-01,0.0
2020-07-01,0.0
2020-07-01,5348.0
2020-07-01,0.0
2020-07-01,200.0
2020-07-01,599.0
2020-07-01,0.0
2020-07-01,0.0
2020-07-01,0.0
2020-07-01,218.13
2020-07-01,643.73
2020-07-01,638.0
2020-07-01,348.0
2020-07-01,3792.5
2020-07-01,870.0
2020-07-01,0.0
2020-07-01,0.0
2020-07-01,0.0
2020-07-01,189.86
2020-07-01,82.0
2020-07-01,250.72
2020-07-01,5920.65
2020-07-01,2764.98
2020-07-01,8221.22
2020-07-01,2307.24
2020-07-01,103.8
2020-07-01,5737.41
2020-07-01,129.92
2020-07-01,2020.0
2020-07-01,6960.0
2020-07-01,509.24
2020-07-01,5980.96
2020-07-01,615.26
2020-07-01,175.0
2020-07-01,700.0
2020-07-01,185.62
2020-07-01,1825.64
2020-07-01,1825.64
2020-07-01,1825.64
2020-07-01,1630.09
2020-07-01,1630.09
2020-07-01,1825.64
2020-07-01,1825.64
2020-07-01,1825.64
2020-07-01,1630.09
2020-07-01,1825.64
2020-07-01,1825.64
2020-07-01,1825.64
2020-07-01,1630.09
2020-07-01,1630.09
2020-07-01,-1630.09
2020-07-01,-1825.64
2020-07-01,-1630.09
2020-07-01,-1825.64
2020-07-01,-1825.64
2020-07-01,-1825.64
2020-07-01,-1630.09
2020-07-01,-1825.64
2020-07-01,-1825.64
2020-07-01,-1630.09
2020-07-01,-1630.09
2020-07-01,-1825.64
2020-07-01,-1825.64
2020-07-01,-1825.64
2020-07-01,5000.01
2020-07-01,2401.2
2020-07-01,1392.0
2020-07-01,4627.99
2020-07-01,401.36
2020-07-01,6735.53
2020-07-01,2320.0
2020-07-01,2231.58
2020-07-01,727.56
2020-07-01,3597.99
2020-07-01,445.52
2020-07-01,174.02
2020-07-01,2900.0
2020-07-01,1450.0
2020-07-01,1809.6
2020-07-01,7621.2
2020-07-01,1341.89
2020-07-01,6867.78
2020-07-01,1339.8
2020-07-01,762.7
2020-07-01,5348.0
2020-07-01,0.0
2020-07-01,300.0
2020-07-01,150.0
2020-07-01,200.0
2020-07-01,128.02
2020-07-01,0.0
2020-07-01,1450.0
2020-07-01,305.34
2020-07-01,140.0
2020-07-01,0.0
2020-07-01,210.0
2020-07-01,1205.25
2020-07-01,179.7
2020-07-01,36.0
2020-07-01,267.0
2020-07-01,170.0
2020-07-01,1513.8
2020-07-01,1995.2
2020-07-01,300.0
2020-07-01,530.79
2020-07-01,300.0
2020-07-01,2296.8
2020-07-01,391.33
2020-07-01,1446.08
2020-07-01,0.0
2020-07-01,0.0
2020-07-01,0.0
2020-07-01,0.0
2020-07-01,0.0
2020-07-01,5757.31
2020-07-01,3825.77
2020-07-01,1392.0
2020-07-01,1667.72
2020-07-01,10.72
2020-07-01,139.0
2020-07-01,306.24
2020-07-01,1160.0
2020-07-01,126.58
2020-07-01,6515.02
2020-07-01,6857.22
2020-07-01,0.0
2020-07-01,0.0
2020-07-01,1503.36
2020-07-01,417.6
2020-07-01,924.52
2020-07-01,1915.16
2020-07-01,7.6
2020-07-01,1809.6
2020-07-01,398.99
2020-07-01,0.0
2020-07-01,6902.09
2020-07-01,3616.88
2020-07-01,4547.2
2020-07-01,464.0
2020-07-01,7200.44
2020-07-01,758.0
2020-07-01,1548.92
2020-07-01,626.04
2020-07-01,505.76
2020-07-01,1740.0
2020-07-01,4321.0
2020-07-01,358.96
2020-07-01,1666.75
2020-07-01,0.0
2020-07-01,2906.98
2020-07-01,0.0
2020-07-01,5255.31
2020-07-01,5507.56
2020-07-01,1185.0
2020-07-01,353.0
2020-07-01,5378.95
2020-07-01,140.0
2020-07-01,0.0
2020-07-01,765.6
2020-07-01,3016.0
2020-07-01,0.0
2020-07-01,1310.22
2020-07-01,100.0
2020-07-01,78.0
2020-07-01,3950.0
2020-07-01,93.0
2020-07-01,300.0
2020-07-01,500.0
2020-07-01,362.93
2020-07-01,300.0
2020-07-01,189.15
2020-07-01,1574.82
2020-07-01,8185.8
2020-07-01,4092.9
2020-07-01,1786.4
2020-07-01,120.06
2020-07-01,0.0
2020-07-01,0.0
2020-07-01,341.33
2020-07-01,3348.0
2020-07-01,3348.0
2020-07-01,2116.05
2020-07-01,0.0
2020-07-01,0.0
2020-07-01,480.22
2020-07-01,232.0
2020-07-01,18.35
2020-07-01,4060.0
2020-07-01,974.4
2020-07-01,271.44
2020-07-01,0.0
2020-07-01,934.03
2020-07-01,45.94
2020-07-01,1489.44
2020-07-01,3860.19
2020-07-01,881.14
2020-07-01,1757.4
2020-07-01,1410.7
2020-07-01,1740.0
2020-07-01,201.84
2020-07-01,754.0
2020-07-01,331.83
2020-07-01,284.65
2020-07-01,2088.0
2020-07-01,5307.06
2020-07-01,4685.0
2020-07-01,1840.2
2020-07-01,626.4
2020-07-01,7403.61
2020-07-01,1472.16
2020-07-01,6680.38
2020-07-01,-1410.7
2020-07-01,2942.44
2020-07-01,232.01
2020-07-01,705.35
2020-07-01,-705.35
2020-07-01,0.0
2020-07-01,0.0
2020-07-01,555.03
2020-07-01,21.31
2020-07-01,4085.42
2020-07-01,0.0
2020-07-01,17.99
2020-07-01,144.0
2020-07-01,0.0
2020-08-01,568.4
2020-08-01,504.6
2020-08-01,6439.6
2020-08-01,6440.3
2020-08-01,1825.64
2020-08-01,-1825.64
2020-08-01,1450.0
2020-08-01,2615.8
2020-08-01,350.32
2020-08-01,243.6
2020-08-01,6960.0
2020-08-01,1154.2
2020-08-01,0.0
2020-08-01,278.86
2020-08-01,598.25
2020-08-01,0.0
2020-08-01,1042.49
2020-08-01,792.4
2020-08-01,730.8
2020-08-01,2784.0
2020-08-01,3709.33
2020-08-01,448.92
2020-08-01,0.0
2020-08-01,0.0
2020-08-01,568.4
2020-08-01,504.6
2020-08-01,0.0
2020-08-01,0.0
2020-08-01,0.0
2020-08-01,0.0
2020-08-01,0.0
2020-08-01,1199.0
2020-08-01,1498.0
2020-08-01,0.0
2020-08-01,300.0
2020-08-01,0.0
2020-08-01,0.0
2020-08-01,1669.47
2020-08-01,0.0
2020-08-01,4062.32
2020-08-01,185.6
2020-08-01,76.56
2020-08-01,549.01
2020-08-01,2559.44
2020-08-01,2403.76
2020-08-01,114.2
2020-08-01,4766.5
2020-08-01,580.0
2020-08-01,0.0
2020-08-01,186.69
2020-08-01,2868.67
2020-08-01,6188.6
2020-08-01,217.62
2020-08-01,7024.08
2020-08-01,2900.0
2020-08-01,458.2
2020-08-01,2387.65
2020-08-01,46.19
2020-08-01,313.2
2020-08-01,300.0
2020-08-01,1020.8
2020-08-01,236.57
2020-08-01,0.0
2020-08-01,0.0
2020-08-01,0.0
2020-08-01,304.38
2020-08-01,211.12
2020-08-01,0.0
2020-08-01,50.0
2020-08-01,178.0
2020-08-01,4393.15
2020-08-01,440.01
2020-08-01,627.5
2020-08-01,60.87
2020-08-01,0.0
2020-08-01,0.0
2020-08-01,82.0
2020-08-01,0.0
2020-08-01,328.57
2020-08-01,1321.38
2020-08-01,6867.78
2020-08-01,180.0
2020-08-01,1569.3
2020-08-01,5175.68
2020-08-01,282.0
2020-08-01,499.38
2020-08-01,827.08
2020-08-01,0.0
2020-08-01,1508.0
2020-08-01,0.0
2020-08-01,632.0
2020-08-01,185.38
2020-08-01,1999.0
2020-08-01,0.0
2020-08-01,0.0
2020-08-01,960.0
2020-08-01,322.6
2020-08-01,0.0
2020-08-01,0.0
2020-08-01,2726.0
2020-08-01,22.92
2020-08-01,103.09
2020-08-01,339.3
2020-08-01,183.28
2020-08-01,1881.87
2020-08-01,4724.48
2020-08-01,499.0
2020-08-01,399.0
2020-08-01,91.78
2020-08-01,336.4
2020-08-01,7003.61
2020-08-01,6291.53
2020-08-01,1136.8
2020-08-01,7232.6
2020-08-01,1958.09
2020-08-01,280.56
2020-08-01,6420.6
2020-08-01,1137.64
2020-08-01,0.0
2020-08-01,0.0
2020-08-01,2320.0
2020-08-01,5000.0
2020-08-01,200.0
2020-08-01,177.75
2020-08-01,284.32
2020-08-01,2460.55
2020-08-01,216.0
2020-08-01,0.0
2020-08-01,3234.08
2020-08-01,0.0
2020-08-01,358.0
2020-08-01,300.01
2020-08-01,123.0
2020-08-01,0.0
2020-08-01,4063.77
2020-08-01,0.0
2020-08-01,1929.02
2020-08-01,0.0
2020-08-01,24.42
2020-08-01,1044.0
2020-08-01,123.17
2020-08-01,408.32
2020-08-01,0.0
2020-08-01,4154.11
2020-08-01,925.19
2020-08-01,1856.0
2020-08-01,829.4
2020-08-01,450.0
2020-08-01,300.0
2020-08-01,716.88
2020-08-01,28.63
2020-08-01,5112.76
2020-08-01,4063.77
2020-08-01,6500.18
2020-08-01,0.0
2020-08-01,6846.09
2020-08-01,7692.0
2020-08-01,150.0
2020-08-01,1900.0
2020-08-01,0.0
2020-08-01,2060.35
2020-08-01,124.82
2020-08-01,0.0
2020-08-01,0.0
2020-08-01,0.0
2020-08-01,257.82
2020-08-01,398.99
2020-08-01,0.0
2020-08-01,2212.25
2020-08-01,459.2
2020-08-01,144.0
2020-08-01,2053.2
2020-08-01,700.0
2020-08-01,275.28
2020-08-01,0.0
2020-08-01,0.0
2020-08-01,2822.43
2020-08-01,0.0
2020-08-01,2786.32
2020-08-01,0.0
2020-08-01,300.0
2020-08-01,73.36
2020-08-01,2030.0
2020-08-01,50.0
2020-08-01,1397.75
2020-08-01,0.0
2020-08-01,5730.4
2020-08-01,5730.4
2020-08-01,807.94
2020-08-01,542.65
2020-08-01,42.87
2020-08-01,2433.78
2020-08-01,3770.0
2020-08-01,150.0
2020-08-01,7149.68
2020-08-01,178.0
2020-08-01,696.0
2020-08-01,160.52
2020-08-01,128.0
2020-08-01,1464.54
2020-08-01,836.12
2020-08-01,5307.06
2020-08-01,931.48
2020-08-01,0.0
2020-08-01,0.0
2020-08-01,1773.46
2020-08-01,2900.0
2020-08-01,366.5
2020-08-01,3609.92
2020-08-01,348.0
2020-08-01,500.0
2020-08-01,387.1
2020-08-01,161.6
2020-08-01,1418.15
2020-08-01,303.92
2020-08-01,4751.01
2020-08-01,131.1
2020-08-01,267.96
2020-08-01,144.0
2020-08-01,5800.0
2020-08-01,777.0
2020-08-01,4613.24
2020-08-01,2814.83
2020-08-01,778.13
2020-08-01,2928.66
2020-08-01,0.0
2020-08-01,3771.45
2020-08-01,0.0
2020-08-01,2850.0
2020-08-01,2296.8
2020-08-01,0.0
2020-08-01,0.0
2020-08-01,0.0
2020-08-01,53.71
2020-09-01,568.4
2020-09-01,0.0
2020-09-01,5588.0
2020-09-01,2532.8
2020-09-01,1725.8
2020-09-01,2657.85
2020-09-01,575.49
2020-09-01,194.91
2020-09-01,643.8
2020-09-01,2262.0
2020-09-01,1508.0
2020-09-01,129.46
2020-09-01,776.74
2020-09-01,358.5
2020-09-01,58.32
2020-09-01,127.6
2020-09-01,6496.0
2020-09-01,1449.44
2020-09-01,2505.6
2020-09-01,6439.6
2020-09-01,6440.3
2020-09-01,687.38
2020-09-01,525.75
2020-09-01,1165.1
2020-09-01,319.95
2020-09-01,0.0
2020-09-01,5410.24
2020-09-01,0.0
2020-09-01,96.0
2020-09-01,630.11
2020-09-01,2923.2
2020-09-01,348.0
2020-09-01,1479.0
2020-09-01,986.0
2020-09-01,170.0
2020-09-01,172.96
2020-09-01,0.0
2020-09-01,0.0
2020-09-01,7644.45
2020-09-01,0.0
2020-09-01,6499.0
2020-09-01,-776.74
2020-09-01,-129.46
2020-09-01,208.28
2020-09-01,0.0
2020-09-01,1986.95
2020-09-01,211.42
2020-09-01,53.0
2020-09-01,241.33
2020-09-01,689.04
2020-09-01,549.01
2020-09-01,2561.91
2020-09-01,0.0
2020-09-01,3751.44
2020-09-01,348.0
2020-09-01,0.0
2020-09-01,0.0
2020-09-01,3059.96
2020-09-01,3306.0
2020-09-01,425.02
2020-09-01,0.0
2020-09-01,250.0
2020-09-01,350.0
2020-09-01,1200.0
2020-09-01,411.85
2020-09-01,457.98
2020-09-01,7103.7
2020-09-01,144.0
2020-09-01,4766.66
2020-09-01,4471.8
2020-09-01,92.36
2020-09-01,17.62
2020-09-01,1107.8
2020-09-01,96.46
2020-09-01,742.4
2020-09-01,0.0
2020-09-01,6635.2
2020-09-01,385.12
2020-09-01,1400.65
2020-09-01,452.4
2020-09-01,5161.54
2020-09-01,1924.32
2020-09-01,750.04
2020-09-01,4150.0
2020-09-01,0.0
2020-09-01,556.8
2020-09-01,1000.0
2020-09-01,200.0
2020-09-01,215.48
2020-09-01,3132.0
2020-09-01,22.0
2020-09-01,305.34
2020-09-01,3828.0
2020-09-01,0.0
2020-09-01,398.15
2020-09-01,1998.6
2020-09-01,108.34
2020-09-01,139.97
2020-09-01,3323.4
2020-09-01,420.63
2020-09-01,994.18
2020-09-01,6675.3
2020-09-01,147.0
2020-09-01,567.47
2020-09-01,214.9
2020-09-01,2146.5
2020-09-01,169.66
2020-09-01,2300.0
2020-09-01,6349.2
2020-09-01,0.0
2020-09-01,0.0
2020-09-01,160.23
2020-09-01,3131.8
2020-09-01,454.7
2020-09-01,430.69
2020-09-01,5609.82
2020-09-01,1916.22
2020-09-01,0.0
2020-09-01,0.0
2020-09-01,24.3
2020-09-01,4176.0
2020-09-01,365.4
2020-09-01,180.0
2020-09-01,1574.55
2020-09-01,0.0
2020-09-01,6842.84
2020-09-01,4275.76
2020-09-01,2639.0
2020-09-01,93.09
2020-09-01,4192.7
2020-09-01,167.04
2020-09-01,399.0
2020-09-01,2320.0
2020-09-01,1920.0
2020-09-01,0.0
2020-09-01,0.0
2020-09-01,6960.0
2020-09-01,2563.59
2020-09-01,200.0
2020-09-01,77.67
2020-09-01,436.62
2020-09-01,309.07
2020-09-01,0.0
2020-09-01,229.68
2020-09-01,1566.0
2020-09-01,29.8
2020-09-01,345.0
2020-09-01,195.0
2020-09-01,1044.0
2020-09-01,303.0
2020-09-01,72.0
2020-09-01,4.08
2020-09-01,1026.6
2020-09-01,0.0
2020-09-01,0.0
2020-09-01,1862.96
2020-09-01,3812.69
2020-09-01,649.6
2020-09-01,73.86
2020-09-01,4872.0
2020-09-01,0.0
2020-09-01,318.0
2020-09-01,2112.3
2020-09-01,72.23
2020-09-01,945.42
2020-09-01,397.95
2020-09-01,3149.4
2020-09-01,3480.0
2020-09-01,3771.45
2020-09-01,0.0
2020-09-01,33.43
2020-09-01,144.0
2020-09-01,28.65
2020-09-01,162.4
2020-09-01,185.6
2020-09-01,52.06
2020-09-01,24.41
2020-09-01,4732.8
2020-09-01,2053.2
2020-09-01,7816.8
2020-09-01,94.94
2020-09-01,4180.35
2020-09-01,5878.21
2020-09-01,754.02
2020-09-01,580.0
2020-09-01,3688.8
2020-09-01,1238.88
2020-09-01,721.03
2020-09-01,250.0
2020-09-01,3628.48
2020-09-01,2334.45
2020-09-01,2211.25
2020-09-01,0.0
2020-09-01,0.0
2020-09-01,2610.0
2020-09-01,4245.6
2020-09-01,269.88
2020-09-01,224.7
2020-09-01,398.99
2020-09-01,406.0
2020-09-01,3062.4
2020-09-01,217.15
2020-09-01,0.0
2020-09-01,1578.5
2020-09-01,459.17
2020-09-01,3770.0
2020-09-01,7703.73
2020-09-01,156.1
2020-09-01,3944.0
2020-09-01,0.0
2020-09-01,1656.48
2020-09-01,2059.77
2020-09-01,1586.05
2020-09-01,1862.96
2020-09-01,1095.97
2020-09-01,0.0
2020-09-01,2670.87
2020-09-01,0.0
2020-09-01,2738.76
2020-09-01,6349.2
2020-09-01,144.0
2020-09-01,1125.2
2020-09-01,32.35
2020-09-01,62.53
2020-09-01,575.36
2020-09-01,1962.48
2020-09-01,1390.9
2020-09-01,0.0
2020-09-01,0.0
2020-09-01,0.0
2020-09-01,1670.4
2020-09-01,524.78
2020-09-01,5015.38
2020-09-01,0.0
2020-09-01,265.0
2020-09-01,83.4
2020-09-01,649.6
2020-09-01,487.2
2020-09-01,0.0
2020-09-01,4093.48
2020-09-01,306.94
2020-09-01,1876.56
2020-09-01,525.48
2020-09-01,3827.42
2020-09-01,2970.44
2020-09-01,-4772.03
2020-09-01,2436.0
2020-09-01,6252.4
2020-09-01,219.26
2020-09-01,4739.76
2020-09-01,1550.0
2020-09-01,3406.92
2020-09-01,120.18
2020-09-01,2267.8
2020-09-01,0.0
2020-09-01,1765.52
2020-09-01,0.99
2020-09-01,201.34
2020-09-01,607.78
2020-09-01,4817.97
2020-09-01,0.0
2020-09-01,0.0
2020-09-01,0.0
2020-10-01,168.0
2020-10-01,6439.6
2020-10-01,6440.3
2020-10-01,6701.05
2020-10-01,120.57
2020-10-01,2610.0
2020-10-01,1740.0
2020-10-01,299.0
2020-10-01,282.23
2020-10-01,3487.04
2020-10-01,313.33
2020-10-01,6902.09
2020-10-01,568.4
2020-10-01,5845.11
2020-10-01,2955.75
2020-10-01,144.0
2020-10-01,1740.0
2020-10-01,141.43
2020-10-01,290.0
2020-10-01,227.04
2020-10-01,0.0
2020-10-01,0.0
2020-10-01,2526.48
2020-10-01,0.0
2020-10-01,736.49
2020-10-01,0.0
2020-10-01,0.0
2020-10-01,0.0
2020-10-01,0.0
2020-10-01,0.0
2020-10-01,3374.43
2020-10-01,0.0
2020-10-01,0.0
2020-10-01,0.0
2020-10-01,1026.43
2020-10-01,4766.66
2020-10-01,176.3
2020-10-01,1067.2
2020-10-01,549.01
2020-10-01,2529.11
2020-10-01,0.0
2020-10-01,290.0
2020-10-01,399.0
2020-10-01,3352.4
2020-10-01,440.8
2020-10-01,44.0
2020-10-01,371.2
2020-10-01,92.95
2020-10-01,1364.66
2020-10-01,64.89
2020-10-01,4801.5
2020-10-01,213.44
2020-10-01,1400.65
2020-10-01,1000.0
2020-10-01,7447.08
2020-10-01,1681.77
2020-10-01,2784.0
2020-10-01,165.02
2020-10-01,4906.8
2020-10-01,75.43
2020-10-01,1941.18
2020-10-01,687.47
2020-10-01,-3406.92
2020-10-01,3406.92
2020-10-01,371.2
2020-10-01,130.13
2020-10-01,809.68
2020-10-01,303.92
2020-10-01,6884.32
2020-10-01,721.52
2020-10-01,0.0
2020-10-01,0.0
2020-10-01,73.86
2020-10-01,6349.2
2020-10-01,144.0
2020-10-01,290.0
2020-10-01,5394.0
2020-10-01,591.6
2020-10-01,369.0
2020-10-01,62.35
2020-10-01,2784.0
2020-10-01,580.0
2020-10-01,1382.84
2020-10-01,8132.8
2020-10-01,69.95
2020-10-01,696.0
2020-10-01,0.0
2020-10-01,1352.58
2020-10-01,261.29
2020-10-01,0.0
2020-10-01,0.0
2020-10-01,121.55
2020-10-01,90.84
2020-10-01,325.77
2020-10-01,877.42
2020-10-01,0.0
2020-10-01,2137.88
2020-10-01,1392.0
2020-10-01,0.0
2020-10-01,3985.27
2020-10-01,427.88
2020-10-01,555.28
2020-10-01,3248.0
2020-10-01,386.72
2020-10-01,0.0
2020-10-01,2258.52
2020-10-01,2320.0
2020-10-01,49.11
2020-10-01,417.6
2020-10-01,643.8
2020-10-01,5220.0
2020-10-01,36.57
2020-10-01,186.12
2020-10-01,291.39
2020-10-01,0.0
2020-10-01,0.0
2020-10-01,0.0
2020-10-01,0.0
2020-10-01,0.0
2020-10-01,103.81
2020-10-01,2784.0
2020-10-01,0.0
2020-10-01,3349.47
2020-10-01,133.47
2020-10-01,4462.58
2020-10-01,0.0
2020-10-01,112.2
2020-10-01,0.0
2020-10-01,410.03
2020-10-01,85.81
2020-10-01,5003.56
2020-10-01,3770.0
2020-10-01,6174.98
2020-10-01,0.0
2020-10-01,7540.0
2020-10-01,459.28
2020-10-01,0.0
2020-10-01,0.0
2020-10-01,899.0
2020-10-01,602.04
2020-10-01,0.0
2020-10-01,240.0
2020-10-01,1148.4
2020-10-01,0.0
2020-10-01,0.0
2020-10-01,108.0
2020-10-01,688.14
2020-10-01,240.0
2020-10-01,0.0
2020-10-01,0.0
2020-10-01,210.0
2020-10-01,267.0
2020-10-01,1602.0
2020-10-01,0.0
2020-10-01,609.0
2020-10-01,2262.0
2020-10-01,237.0
2020-10-01,335.99
2020-10-01,1135.0
2020-10-01,431.52
2020-10-01,0.0
2020-10-01,0.0
2020-10-01,638.0
2020-10-01,177.48
2020-10-01,904.8
2020-10-01,1957.24
2020-10-01,-1200.0
2020-10-01,418.01
2020-10-01,106.52
2020-10-01,945.42
2020-10-01,2815.84
2020-10-01,1774.8
2020-10-01,398.99
2020-10-01,2748.02
2020-10-01,380.48
2020-10-01,1723.65
2020-10-01,2089.9
2020-10-01,6349.2
2020-10-01,8135.85
2020-10-01,357.05
2020-10-01,83.22
2020-10-01,580.0
2020-10-01,3950.01
2020-10-01,0.0
2020-10-01,119.02
2020-10-01,0.0
2020-10-01,4593.6
2020-10-01,0.0
2020-10-01,0.0
2020-10-01,1383.3
2020-10-01,0.0
2020-10-01,0.0
2020-10-01,0.0
2020-10-01,206.1
2020-10-01,654.24
2020-10-01,1666.75
2020-10-01,5036.49
2020-10-01,698.61
2020-10-01,2267.8
2020-10-01,2954.64
2020-10-01,65.51
2020-10-01,2472.09
2020-10-01,92.01
2020-10-01,0.0
2020-10-01,1365.01
2020-10-01,380.0
2020-10-01,3712.0
2020-10-01,208.8
2020-10-01,0.0
2020-10-01,57.07
2020-10-01,1190.0
2020-10-01,0.0
2020-10-01,0.0
2020-10-01,1423.44
2020-10-01,1592.68
2020-10-01,335.16
2020-10-01,0.0
2020-10-01,1077.06
2020-10-01,1310.8
2020-10-01,126.61
2020-10-01,4640.0
2020-10-01,4640.0
2020-10-01,2204.0
2020-10-01,51.04
2020-10-01,0.0
2020-10-01,0.0
2020-10-01,0.0
2020-10-01,823.6
2020-10-01,0.0
2020-10-01,0.0
2020-10-01,0.0
2020-10-01,1451.05
2020-10-01,1290.0
2020-10-01,0.0
2020-10-01,3196.35
2020-10-01,0.0
2020-10-01,97.52
2020-10-01,290.0
2020-10-01,2010.41
2020-10-01,3224.8
2020-10-01,-350.0
2020-10-01,4695.69
2020-10-01,238.5
2020-10-01,0.0
2020-10-01,0.0
2020-10-01,0.0
2020-10-01,0.0
2020-10-01,199.0
2020-10-01,0.0
2020-10-01,0.0
2020-10-01,0.0
2020-10-01,207.95
2020-10-01,208.28
2020-10-01,6032.0
2020-10-01,280.56
2020-10-01,167.85
2020-10-01,0.0
2020-10-01,0.0
2020-10-01,192.0
2020-10-01,108.0
2020-10-01,0.0
2020-10-01,0.0
2020-10-01,0.0
2020-11-01,568.4
2020-11-01,365.4
2020-11-01,6439.6
2020-11-01,6440.3
2020-11-01,0.0
2020-11-01,0.0
2020-11-01,0.0
2020-11-01,0.0
2020-11-01,99.5
2020-11-01,300.79
2020-11-01,210.89
2020-11-01,97.8
2020-11-01,549.01
2020-11-01,2531.69
2020-11-01,781.84
2020-11-01,4994.98
2020-11-01,417.6
2020-11-01,814.32
2020-11-01,0.0
2020-11-01,0.0
2020-11-01,2654.08
2020-11-01,0.0
2020-11-01,0.0
2020-11-01,0.0
2020-11-01,65.96
2020-11-01,119.73
2020-11-01,469.99
2020-11-01,185.6
2020-11-01,0.0
2020-11-01,136.73
2020-11-01,110.0
2020-11-01,0.0
2020-11-01,515.84
2020-11-01,165.3
2020-11-01,1537.1
2020-11-01,3616.6
2020-11-01,126.75
2020-11-01,399.0
2020-11-01,0.0
2020-11-01,2320.0
2020-11-01,4766.66
2020-11-01,0.0
2020-11-01,6612.0
2020-11-01,683.66
2020-11-01,1737.72
2020-11-01,120.55
2020-11-01,2552.0
2020-11-01,800.4
2020-11-01,457.99
2020-11-01,1783.99
2020-11-01,1840.0
2020-11-01,392.08
2020-11-01,446.02
2020-11-01,168.78
2020-11-01,2800.0
2020-11-01,323.76
2020-11-01,842.65
2020-11-01,134.73
2020-11-01,1400.65
2020-11-01,1404.06
2020-11-01,1009.2
2020-11-01,2411.8
2020-11-01,-229.0
2020-11-01,0.0
2020-11-01,2969.6
2020-11-01,0.0
2020-11-01,0.0
2020-11-01,1000.0
2020-11-01,5161.54
2020-11-01,6349.2
2020-11-01,700.0
2020-11-01,1076.48
2020-11-01,332.16
2020-11-01,0.0
2020-11-01,100.0
2020-11-01,24.02
2020-11-01,7826.0
2020-11-01,0.0
2020-11-01,367.92
2020-11-01,108.0
2020-11-01,93.64
2020-11-01,950.0
2020-11-01,0.0
2020-11-01,487.1
2020-11-01,6490.2
2020-11-01,66.64
2020-11-01,0.0
2020-11-01,3087.53
2020-11-01,0.0
2020-11-01,224.02
2020-11-01,850.0
2020-11-01,1056.01
2020-11-01,1856.0
2020-11-01,2026.98
2020-11-01,559.0
2020-11-01,207.96
2020-11-01,1860.54
2020-11-01,160.34
2020-11-01,305.34
2020-11-01,270.16
2020-11-01,1754.5
2020-11-01,139.2
2020-11-01,394.4
2020-11-01,498.8
2020-11-01,1856.0
2020-11-01,144.11
2020-11-01,99.9
2020-11-01,1237.72
2020-11-01,0.0
2020-11-01,6960.0
2020-11-01,1825.18
2020-11-01,195.1
2020-11-01,41.56
2020-11-01,2781.1
2020-11-01,2382.64
2020-11-01,2786.32
2020-11-01,255.0
2020-11-01,161.45
2020-11-01,464.9
2020-11-01,0.0
2020-11-01,0.0
2020-11-01,0.0
2020-11-01,0.0
2020-11-01,7979.3
2020-11-01,1660.49
2020-11-01,0.0
2020-11-01,1860.0
2020-11-01,0.0
2020-11-01,1238.35
2020-11-01,2155.25
2020-11-01,497.5
2020-11-01,817.9
2020-11-01,1035.5
2020-11-01,2320.0
2020-11-01,1972.0
2020-11-01,144.0
2020-11-01,0.0
2020-11-01,1168.12
2020-11-01,-580.0
2020-11-01,233.38
2020-11-01,0.0
2020-11-01,200.0
2020-11-01,58.0
2020-11-01,0.0
2020-11-01,200.02
2020-11-01,567.5
2020-11-01,451.88
2020-11-01,2784.0
2020-11-01,835.2
2020-11-01,130.13
2020-11-01,188.0
2020-11-01,6067.67
2020-11-01,6179.45
2020-11-01,2695.21
2020-11-01,503.49
2020-11-01,270.85
2020-11-01,0.0
2020-11-01,2436.0
2020-11-01,-207.95
2020-11-01,23.26
2020-11-01,1967.08
2020-11-01,375.65
2020-11-01,0.0
2020-11-01,0.0
2020-11-01,0.0
2020-11-01,0.0
2020-11-01,7656.0
2020-11-01,867.99
2020-11-01,1395.0
2020-11-01,476.76
2020-11-01,347.49
2020-11-01,3094.67
2020-11-01,134.8
2020-11-01,3134.9
2020-11-01,5125.95
2020-11-01,0.0
2020-11-01,0.0
2020-11-01,7099.2
2020-11-01,0.0
2020-11-01,0.0
2020-11-01,0.0
2020-11-01,2654.08
2020-11-01,1114.0
2020-11-01,400.0
2020-11-01,227.36
2020-11-01,53.74
2020-11-01,398.99
2020-11-01,0.0
2020-11-01,308.0
2020-11-01,1954.37
2020-11-01,0.0
2020-11-01,6867.78
2020-11-01,6349.2
2020-11-01,200.0
2020-11-01,72.0
2020-11-01,417.6
2020-11-01,69.6
2020-11-01,6960.0
2020-11-01,65.8
2020-11-01,1252.8
2020-11-01,169.34
2020-11-01,4695.69
2020-11-01,0.0
2020-11-01,0.0
2020-11-01,568.63
2020-11-01,0.0
2020-11-01,2475.92
2020-11-01,0.0
2020-11-01,294.64
2020-11-01,40.56
2020-11-01,2331.74
2020-11-01,0.0
2020-11-01,46.76
2020-11-01,226.2
2020-11-01,317.4
2020-11-01,1020.8
2020-11-01,313.2
2020-11-01,1666.75
2020-11-01,130.13
2020-11-01,2267.8
2020-11-01,-177.7
2020-11-01,330.01
2020-11-01,1218.0
2020-11-01,130.0
2020-11-01,3900.5
2020-11-01,509.4
2020-11-01,3554.24
2020-11-01,400.0
2020-11-01,2095.76
2020-11-01,273.09
2020-11-01,175.0
2020-11-01,2088.0
2020-11-01,1554.4
2020-11-01,813.88
2020-11-01,0.0
2020-11-01,3572.8
2020-11-01,2208.06
2020-11-01,0.0
2020-11-01,154.15
2020-11-01,240.0
2020-11-01,116.0
2020-11-01,1299.2
2020-11-01,597.0
2020-11-01,243.0
2020-11-01,449.0
2020-11-01,3238.9
2020-11-01,6124.8
2020-11-01,518.03
2020-11-01,1265.56
2020-11-01,0.0
2020-11-01,1624.0
2020-11-01,2389.6
2020-11-01,0.0
2020-11-01,0.0
2020-11-01,0.0
2020-11-01,500.0
2020-11-01,297.66
2020-11-01,200.0
2020-11-01,0.0
2020-11-01,0.0
2020-12-01,6712.98
2020-12-01,0.0
2020-12-01,0.0
2020-12-01,6439.6
2020-12-01,6440.3
2020-12-01,27.4
2020-12-01,0.0
2020-12-01,1475.5
2020-12-01,148.0
2020-12-01,300.0
2020-12-01,48.55
2020-12-01,1860.32
2020-12-01,3248.0
2020-12-01,0.0
2020-12-01,568.4
2020-12-01,208.8
2020-12-01,937.28
2020-12-01,3983.44
2020-12-01,0.0
2020-12-01,399.0
2020-12-01,0.0
2020-12-01,0.0
2020-12-01,0.0
2020-12-01,0.0
2020-12-01,835.0
2020-12-01,2480.0
2020-12-01,643.8
2020-12-01,1972.0
2020-12-01,1479.0
2020-12-01,2175.0
2020-12-01,240.79
2020-12-01,1566.12
2020-12-01,8240.19
2020-12-01,0.0
2020-12-01,0.0
2020-12-01,580.0
2020-12-01,4302.9
2020-12-01,3567.0
2020-12-01,151.6
2020-12-01,2494.89
2020-12-01,2459.2
2020-12-01,-250.0
2020-12-01,348.51
2020-12-01,850.0
2020-12-01,650.0
2020-12-01,5363.84
2020-12-01,417.6
2020-12-01,802.3
2020-12-01,1390.52
2020-12-01,55.8
2020-12-01,2525.58
2020-12-01,549.01
2020-12-01,0.0
2020-12-01,0.0
2020-12-01,2094.31
2020-12-01,1945.32
2020-12-01,2405.73
2020-12-01,6349.2
2020-12-01,4766.66
2020-12-01,812.0
2020-12-01,200.0
2020-12-01,954.58
2020-12-01,102.01
2020-12-01,439.0
2020-12-01,1228.06
2020-12-01,5233.05
2020-12-01,0.0
2020-12-01,392.08
2020-12-01,264.0
2020-12-01,265.0
2020-12-01,0.0
2020-12-01,410.55
2020-12-01,1600.01
2020-12-01,1120.24
2020-12-01,111.0
2020-12-01,0.0
2020-12-01,0.0
2020-12-01,300.0
2020-12-01,141.09
2020-12-01,169.0
2020-12-01,3190.0
2020-12-01,1429.09
2020-12-01,2321.16
2020-12-01,438.48
2020-12-01,0.0
2020-12-01,1312.5
2020-12-01,49.67
2020-12-01,0.0
2020-12-01,0.0
2020-12-01,2278.56
2020-12-01,3567.0
2020-12-01,1400.65
2020-12-01,818.08
2020-12-01,85.76
2020-12-01,160.08
2020-12-01,0.0
2020-12-01,5394.0
2020-12-01,139.2
2020-12-01,4060.0
2020-12-01,4875.58
2020-12-01,767.49
2020-12-01,0.0
2020-12-01,4350.0
2020-12-01,1267.95
2020-12-01,208.8
2020-12-01,6380.0
2020-12-01,2436.0
2020-12-01,12.18
2020-12-01,0.0
2020-12-01,915.16
2020-12-01,328.0
2020-12-01,0.0
2020-12-01,0.0
2020-12-01,0.0
2020-12-01,649.0
2020-12-01,1769.0
2020-12-01,796.27
2020-12-01,1993.15
2020-12-01,2006.8
2020-12-01,2320.0
2020-12-01,0.0
2020-12-01,0.0
2020-12-01,0.0
2020-12-01,58.07
2020-12-01,336.4
2020-12-01,284.32
2020-12-01,1862.96
2020-12-01,4276.69
2020-12-01,483.36
2020-12-01,644.4
2020-12-01,0.0
2020-12-01,210.0
2020-12-01,4696.37
2020-12-01,2506.76
2020-12-01,267.0
2020-12-01,36.0
2020-12-01,411.29
2020-12-01,3944.0
2020-12-01,389.76
2020-12-01,7656.0
2020-12-01,130.13
2020-12-01,139.2
2020-12-01,216.57
2020-12-01,0.0
2020-12-01,1669.47
2020-12-01,3229.44
2020-12-01,1044.0
2020-12-01,317.36
2020-12-01,1716.8
2020-12-01,42.41
2020-12-01,1026.02
2020-12-01,1276.0
2020-12-01,0.0
2020-12-01,5282.64
2020-12-01,2262.0
2020-12-01,1037.0
2020-12-01,1044.0
2020-12-01,0.0
2020-12-01,200.0
2020-12-01,2191.02
2020-12-01,0.0
2020-12-01,0.0
2020-12-01,278.28
2020-12-01,0.0
2020-12-01,0.0
2020-12-01,0.0
2020-12-01,-229.99
2020-12-01,0.0
2020-12-01,148.0
2020-12-01,215.48
2020-12-01,101.41
2020-12-01,7780.84
2020-12-01,0.0
2020-12-01,6349.2
2020-12-01,2280.1
2020-12-01,51.14
2020-12-01,2836.28
2020-12-01,1837.44
2020-12-01,398.99
2020-12-01,2226.62
2020-12-01,28.0
2020-12-01,986.0
2020-12-01,13.3
2020-12-01,461.33
2020-12-01,1253.74
2020-12-01,25.21
2020-12-01,0.0
2020-12-01,-21.0
2020-12-01,4102.55
2020-12-01,0.0
2020-12-01,1666.75
2020-12-01,0.0
2020-12-01,0.0
2020-12-01,0.0
2020-12-01,2322.17
2020-12-01,0.0
2020-12-01,2639.0
2020-12-01,0.0
2020-12-01,0.0
2020-12-01,2267.8
2020-12-01,3238.9
2020-12-01,816.11
2020-12-01,0.0
2020-12-01,927.6
2020-12-01,150.0
2020-12-01,2650.37
2020-12-01,190.0
2020-12-01,0.0
